{
  "timeToFire": 20.0,
  "timeToSmoke": 23.0,
  "hasExpl": true,
  "exhaustFx": "ship_exhaust_small",
  "expClass": "exp_ship",
  "model": "fishboat2_a",
  "subclass": "warShip",
  "dynCollisionGeom": true,
  "moveType": "ship",
  "maxFwdSpeed": 80.0,
  "maxRevSpeed": 5.0,
  "maxAngSpeed": 15.0,
  "maxAccel": 20.0,
  "maxDecel": 5.0,
  "maxAngAccel": 15.0,
  "maxAngAccel0": 2.0,
  "maxAngAccelV": 15.0,
  "groundNormSmoothViscosity": 0.1,
  "customUpdateDiv": 5,
  "SoundMove": "models.Ship",
  "tailStartOffset": 0.0,
  "aimPointOffset": [
    0.0,
    0.0,
    0.0
  ],
  "DamageParts": {
    "armor10": {
      "body_dm": {
        "hp": 4.0
      }
    }
  },
  "class_tags": {
    "pacific": true,
    "mediterran": true,
    "westernfront": true
  },
  "DamageEffects": {
    "part": {
      "name": "body_dm",
      "onHit": {
        "smoke": 0.01,
        "fire": 0.01
      },
      "onKill": {
        "expl": 1.0
      }
    }
  },
  "sound": {
    "path": "sounds/engines",
    "pathStudio": "aircraft/engines",
    "engine": "boat"
  }
}