{
  "expClass": "exp_cv_ship",
  "timeToFire": 60.0,
  "timeToSmoke": 600.0,
  "hasExpl": true,
  "collisionMaterialName": "ships",
  "killAllParts": false,
  "damageableByGun": false,
  "explodeSpeed": [
    100.0,
    190.0
  ],
  "useOldExplosion": false,
  "model": "akagi_a",
  "subclass": "warShip",
  "dustFx": "water_units_dust",
  "dynCollisionGeom": true,
  "createAirfield": true,
  "moveType": "ship",
  "maxFwdSpeed": 55.0,
  "maxRevSpeed": 5.0,
  "maxAngSpeed": 1.0,
  "maxAccel": 0.5,
  "maxDecel": 0.5,
  "maxAngAccel": 0.7,
  "maxAngAccel0": 0.00001,
  "maxAngAccelV": 0.01,
  "groundNormSmoothViscosity": 4.5,
  "customUpdateDiv": 5,
  "drownGFactor": 0.00001,
  "drownRollSpeed": 0.01,
  "SoundMove": "models.Ship",
  "tailStartOffset": 0.0,
  "DamageParts": {
    "steel": {
      "gun0_dm": {
        "hp": 2.0
      },
      "gun1_dm": {
        "hp": 2.0
      },
      "gun2_dm": {
        "hp": 2.0
      },
      "gun3_dm": {
        "hp": 2.0
      }
    },
    "armor250": {
      "gun4_dm": {
        "hp": 2.0
      },
      "gun5_dm": {
        "hp": 2.0
      },
      "gun6_dm": {
        "hp": 2.0
      },
      "gun7_dm": {
        "hp": 2.0
      },
      "gun9_dm": {
        "hp": 2.0
      }
    },
    "armor40": {
      "bodypart1_dm": {
        "hp": 18000.0
      },
      "bodypart2_dm": {
        "hp": 18000.0
      },
      "bodypart3_dm": {
        "hp": 18000.0
      },
      "bodypart4_dm": {
        "hp": 18000.0
      },
      "body_dm": {
        "hp": 18000.0
      },
      "engine_dm": {
        "hp": 18000.0
      }
    }
  },
  "class_tags": {
    "pacific": true,
    "country_japan": true,
    "carrier": true,
    "year1940": true,
    "year1941": true,
    "year1942": true,
    "year1943": true,
    "year1944": true,
    "year1945": true,
    "max_ratio": 0.5
  },
  "explosion": {
    "expl": [
      {
        "node": "explosion1",
        "partNo": 2,
        "timeToExplode": 1.0,
        "preEffectName": "ship_fire_large",
        "postEffectName": "ship_fire_large",
        "explosionEffectName": "explosion_ship_large",
        "timeForPostEffect": 45.0
      },
      {
        "node": "explosion2",
        "partNo": 3,
        "timeToExplode": 2.0,
        "preEffectName": "ship_fire_large",
        "postEffectName": "ship_fire_large",
        "explosionEffectName": "explosion_ship_large",
        "timeForPostEffect": 65.0
      },
      {
        "node": "explosion3",
        "partNo": 4,
        "timeToExplode": 3.0,
        "preEffectName": "ship_fire_large",
        "postEffectName": "ship_fire_large",
        "explosionEffectName": "explosion_ship_large",
        "timeForPostEffect": 45.0
      },
      {
        "node": "explosion4",
        "partNo": 5,
        "timeToExplode": 2.0,
        "preEffectName": "ship_fire_large",
        "postEffectName": "ship_fire_large",
        "explosionEffectName": "explosion_ship_large",
        "timeForPostEffect": 105.0
      }
    ]
  },
  "DamageEffects": {
    "part": [
      {
        "name": "body_dm",
        "onHit": {
          "smoke": 0.01,
          "fire": 0.01
        },
        "onKill": {
          "bodypart1_dm": 1.0,
          "bodypart2_dm": 1.0,
          "bodypart3_dm": 1.0,
          "bodypart4_dm": 7.0
        }
      },
      {
        "name": "engine_dm",
        "onHit": {
          "smoke": 0.1,
          "fire": 0.01
        },
        "onKill": {
          "body_dm": 1.0
        }
      },
      {
        "name": [
          "bodypart1_dm",
          "bodypart2_dm",
          "bodypart3_dm",
          "bodypart4_dm"
        ],
        "onHit": {
          "smoke": 0.1,
          "fire": 0.01
        },
        "onKill": {
          "expl": 1.0
        }
      }
    ]
  },
  "attach": {
    "flag_front": "flag_jpn",
    "flag_middle": "flag_jpn",
    "flag_back": "flag_jpn"
  },
  "airfield": {
    "catapultAccel": 5.0,
    "catapultLength": 1.0,
    "runwayWidth": 20.0
  },
  "sound": {
    "path": "sounds/engines",
    "pathStudio": "aircraft/engines",
    "engine": "boat"
  },
  "weapon": [
    {
      "trigger": "gunner0",
      "blk": "gameData/weapons/groundModels_weapons/common_cannon200mm.blk",
      "dm": "gun0_dm",
      "emitter": "gun0",
      "flash": "flame0",
      "speedYaw": 2.0,
      "speedPitch": 4.0,
      "fireConeAngle": 1.0,
      "salvoAmount": 1.0,
      "ChainfireTime": 0.0,
      "DelayAfterShoot": 0.0,
      "AttackMaxDistance": 10000.0,
      "AttackMaxRadius": 10000.0,
      "AttackMaxHeight": 10000.0,
      "accuracyAir": 0.0,
      "accuracyGnd": 0.1,
      "errMeasureVel": 20.0,
      "errTargettingOn100kmph": 3.0,
      "errMeasureVelFwdShift": 0.9,
      "errMeasureVelDir": 3.0,
      "errTargetting": 3.0,
      "errExplTime": 0.5,
      "defaultYaw": 0.0,
      "defaultPitch": 10.0,
      "turret": {
        "head": "turret0",
        "gun": "gun0"
      },
      "limits": {
        "yaw": [
          -90.0,
          90.0
        ],
        "pitch": [
          -10.0,
          80.0
        ]
      }
    },
    {
      "trigger": "gunner1",
      "blk": "gameData/weapons/groundModels_weapons/common_cannon200mm.blk",
      "dm": "gun1_dm",
      "emitter": "gun1",
      "flash": "flame1",
      "speedYaw": 2.0,
      "speedPitch": 4.0,
      "fireConeAngle": 1.0,
      "salvoAmount": 1.0,
      "ChainfireTime": 0.0,
      "DelayAfterShoot": 0.0,
      "AttackMaxDistance": 10000.0,
      "AttackMaxRadius": 10000.0,
      "AttackMaxHeight": 10000.0,
      "accuracyAir": 0.0,
      "accuracyGnd": 0.1,
      "errMeasureVel": 20.0,
      "errTargettingOn100kmph": 3.0,
      "errMeasureVelFwdShift": 0.9,
      "errMeasureVelDir": 3.0,
      "errTargetting": 3.0,
      "errExplTime": 0.5,
      "defaultYaw": 0.0,
      "defaultPitch": 10.0,
      "turret": {
        "head": "turret1",
        "gun": "gun1"
      },
      "limits": {
        "yaw": [
          -90.0,
          90.0
        ],
        "pitch": [
          -10.0,
          80.0
        ]
      }
    },
    {
      "trigger": "gunner2",
      "blk": "gameData/weapons/groundModels_weapons/common_AAgun127mm.blk",
      "dm": "gun2_dm",
      "emitter": "gun2",
      "flash": "flame2",
      "speedYaw": 10.0,
      "speedPitch": 20.0,
      "fireConeAngle": 3.0,
      "salvoAmount": 1.0,
      "ChainfireTime": 0.0,
      "DelayAfterShoot": 0.0,
      "AttackMaxDistance": 10000.0,
      "AttackMaxRadius": 5000.0,
      "AttackMaxHeight": 10000.0,
      "accuracyAir": 0.1,
      "accuracyGnd": 0.0,
      "errMeasureVel": 0.0,
      "errTargettingOn100kmph": 0.0,
      "errMeasureVelFast": 120.0,
      "errMeasureVelFwdShift": 1.0,
      "errMeasureVelDir": 10.0,
      "errTargetting": 1.0,
      "errExplTime": 0.02,
      "defaultYaw": 0.0,
      "defaultPitch": 10.0,
      "turret": {
        "head": "turret2",
        "gun": "gun2"
      },
      "limits": {
        "yaw": [
          -90.0,
          90.0
        ],
        "pitch": [
          -10.0,
          80.0
        ]
      }
    },
    {
      "trigger": "gunner3",
      "blk": "gameData/weapons/groundModels_weapons/common_AAgun127mm.blk",
      "dm": "gun3_dm",
      "emitter": "gun3",
      "flash": "flame3",
      "speedYaw": 10.0,
      "speedPitch": 20.0,
      "fireConeAngle": 3.0,
      "salvoAmount": 1.0,
      "ChainfireTime": 0.0,
      "DelayAfterShoot": 0.0,
      "AttackMaxDistance": 10000.0,
      "AttackMaxRadius": 5000.0,
      "AttackMaxHeight": 10000.0,
      "accuracyAir": 0.1,
      "accuracyGnd": 0.0,
      "errMeasureVel": 0.0,
      "errTargettingOn100kmph": 0.0,
      "errMeasureVelFast": 120.0,
      "errMeasureVelFwdShift": 1.0,
      "errMeasureVelDir": 10.0,
      "errTargetting": 1.0,
      "errExplTime": 0.02,
      "defaultYaw": 0.0,
      "defaultPitch": 10.0,
      "turret": {
        "head": "turret3",
        "gun": "gun3"
      },
      "limits": {
        "yaw": [
          -90.0,
          90.0
        ],
        "pitch": [
          -10.0,
          80.0
        ]
      }
    },
    {
      "trigger": "gunner4",
      "blk": "gameData/weapons/groundModels_weapons/common_AAgun30mm.blk",
      "dm": "gun4_dm",
      "emitter": "gun4",
      "flash": "flame4",
      "speedYaw": 26.0,
      "speedPitch": 24.0,
      "fireConeAngle": 15.0,
      "salvoAmount": 1.0,
      "ChainfireTime": 5.0,
      "DelayAfterShoot": 2.0,
      "AttackMaxDistance": 5000.0,
      "AttackMaxRadius": 3000.0,
      "AttackMaxHeight": 5000.0,
      "accuracyAir": 0.1,
      "accuracyGnd": 0.0,
      "errMeasureVel": 0.0,
      "errTargettingOn100kmph": 0.0,
      "errMeasureVelFast": 80.0,
      "errMeasureVelFwdShift": 1.0,
      "errMeasureVelDir": 10.0,
      "errTargetting": 1.0,
      "errExplTime": 0.02,
      "defaultYaw": 0.0,
      "defaultPitch": 10.0,
      "turret": {
        "head": "turret4",
        "gun": "gun4"
      },
      "limits": {
        "yaw": [
          -90.0,
          90.0
        ],
        "pitch": [
          -18.0,
          90.0
        ]
      }
    },
    {
      "trigger": "gunner5",
      "blk": "gameData/weapons/groundModels_weapons/common_AAgun30mm.blk",
      "dm": "gun5_dm",
      "emitter": "gun5",
      "flash": "flame5",
      "speedYaw": 26.0,
      "speedPitch": 24.0,
      "fireConeAngle": 15.0,
      "salvoAmount": 1.0,
      "ChainfireTime": 5.0,
      "DelayAfterShoot": 2.0,
      "AttackMaxDistance": 5000.0,
      "AttackMaxRadius": 3000.0,
      "AttackMaxHeight": 5000.0,
      "accuracyAir": 0.1,
      "accuracyGnd": 0.0,
      "errMeasureVel": 0.0,
      "errTargettingOn100kmph": 0.0,
      "errMeasureVelFast": 80.0,
      "errMeasureVelFwdShift": 1.0,
      "errMeasureVelDir": 10.0,
      "errTargetting": 1.0,
      "errExplTime": 0.02,
      "defaultYaw": 1.0,
      "defaultPitch": 10.0,
      "turret": {
        "head": "turret5",
        "gun": "gun5"
      },
      "limits": {
        "yaw": [
          -90.0,
          90.0
        ],
        "pitch": [
          -18.0,
          90.0
        ]
      }
    },
    {
      "trigger": "gunner6",
      "blk": "gameData/weapons/groundModels_weapons/common_mGun12mm.blk",
      "dm": "gun6_dm",
      "emitter": "gun6",
      "flash": "flame6",
      "allowableDelta": 1.0,
      "speedYaw": 45.0,
      "speedPitch": 45.0,
      "fireConeAngle": 20.0,
      "salvoAmount": 100.0,
      "ChainfireTime": 3.0,
      "DelayAfterShoot": 3.0,
      "AttackMaxDistance": 1000.0,
      "AttackMaxRadius": 1000.0,
      "AttackMaxHeight": 1000.0,
      "accuracyAir": 0.5,
      "accuracyGnd": 0.1,
      "errMeasureVel": 0.0,
      "errTargettingOn100kmph": 0.0,
      "errMeasureVelFast": 40.0,
      "errMeasureVelFwdShift": 1.0,
      "errMeasureVelDir": 3.0,
      "errTargetting": 1.0,
      "errExplTime": 0.0,
      "defaultYaw": 0.0,
      "defaultPitch": 10.0,
      "turret": {
        "head": "turret6",
        "gun": "gun6"
      },
      "limits": {
        "yaw": [
          -90.0,
          90.0
        ],
        "pitch": [
          -10.0,
          90.0
        ]
      }
    },
    {
      "trigger": "gunner7",
      "blk": "gameData/weapons/groundModels_weapons/common_mGun12mm.blk",
      "dm": "gun7_dm",
      "emitter": "gun7",
      "flash": "flame7",
      "allowableDelta": 1.0,
      "speedYaw": 45.0,
      "speedPitch": 45.0,
      "fireConeAngle": 20.0,
      "salvoAmount": 100.0,
      "ChainfireTime": 3.0,
      "DelayAfterShoot": 3.0,
      "AttackMaxDistance": 1000.0,
      "AttackMaxRadius": 1000.0,
      "AttackMaxHeight": 1000.0,
      "accuracyAir": 0.5,
      "accuracyGnd": 0.1,
      "errMeasureVel": 0.0,
      "errTargettingOn100kmph": 0.0,
      "errMeasureVelFast": 40.0,
      "errMeasureVelFwdShift": 1.0,
      "errMeasureVelDir": 3.0,
      "errTargetting": 1.0,
      "errExplTime": 0.0,
      "defaultYaw": 0.0,
      "defaultPitch": 10.0,
      "turret": {
        "head": "turret7",
        "gun": "gun7"
      },
      "limits": {
        "yaw": [
          -90.0,
          90.0
        ],
        "pitch": [
          -10.0,
          90.0
        ]
      }
    },
    {
      "trigger": "gunner8",
      "blk": "gameData/weapons/groundModels_weapons/searchLight_ship_gun.blk",
      "dm": "gun8_dm",
      "emitter": "gun8",
      "flash": "flame8",
      "defaultYaw": 0.0,
      "defaultPitch": 10.0,
      "turret": {
        "head": "turret8",
        "gun": "gun8"
      },
      "limits": {
        "yaw": [
          -90.0,
          90.0
        ],
        "pitch": [
          10.0,
          90.0
        ]
      }
    },
    {
      "trigger": "gunner9",
      "blk": "gameData/weapons/groundModels_weapons/searchLight_ship_gun.blk",
      "dm": "gun9_dm",
      "emitter": "gun9",
      "flash": "flame9",
      "defaultYaw": 0.0,
      "defaultPitch": 10.0,
      "turret": {
        "head": "turret9",
        "gun": "gun9"
      },
      "limits": {
        "yaw": [
          -90.0,
          90.0
        ],
        "pitch": [
          10.0,
          90.0
        ]
      }
    }
  ],
  "attachInc": {
    "jpn_seaman": {
      "model": [
        {
          "name": "inc_jpn_hand_on_deck1_01a",
          "weight": 1.0
        },
        {
          "name": "inc_jpn_hand_on_deck1_01b",
          "weight": 1.0
        },
        {
          "name": "inc_jpn_hand_on_deck1_02a",
          "weight": 1.0
        },
        {
          "name": "inc_jpn_hand_on_deck1_02b",
          "weight": 1.0
        },
        {
          "name": "inc_jpn_hand_on_deck1_02c",
          "weight": 1.0
        }
      ]
    },
    "jpn_aagunner_seat": {
      "model": {
        "name": "inc_jpn_AAgunner_seat_01a",
        "weight": 1.0
      }
    },
    "jpn_aagunner_stand": {
      "model": {
        "name": "inc_jpn_AAgunner_stand_01a",
        "weight": 1.0
      }
    },
    "jpn_aagunner_ir": {
      "model": {
        "name": "inc_jpn_AAgunner_IR_01a",
        "weight": 1.0
      }
    },
    "jpn_flag_on_start": {
      "model": {
        "name": "jpn_marshall_flag_01c_char",
        "weight": 1.0,
        "velocity": 3.0,
        "prestartIdleAnimation": "carrier_flag_loading_idle",
        "stateAdvanceEventStart": "ready_to_takeoff",
        "startSingleAnimation": "carrier_flag_lefthand_up",
        "startIdleAnimation": "carrier_flag_lefthand_idle",
        "startSingleRepeatAfter": 12.0,
        "stateAdvanceEventMove": "start_engine",
        "start2SingleAnimation": "carrier_flag_up_single",
        "start2IdleAnimation": "carrier_flag_rotate_idle",
        "start2SingleRepeatAfter": 12.0,
        "stateAdvanceEventMove2": "move_little",
        "start3SingleAnimation": "carrier_flag_on_start_single",
        "start3IdleAnimation": "carrier_flag_on_start_idle",
        "start3SingleRepeatAfter": 12.0,
        "stateAdvanceEventMove3": "takeoff",
        "movingAnimation": "carrier_walk",
        "endSingleAnimation": "carrier_sitdown_single",
        "endIdleAnimation": "carrier_sitdown_idle",
        "crewType": "takeoff"
      }
    },
    "jpn_flag_landing": {
      "model": {
        "weight": 1.0,
        "name": "jpn_marshall_land_01c_char",
        "animation": "carrier_flag_landing_idle",
        "velocity": 3.0,
        "endpointAnimation": "carrier_flag_landing_idle",
        "leftBankHigh": "carrier_flag_landing_left",
        "leftBankLow": "carrier_flag_landing_left",
        "noBank": "carrier_flag_landing_idle",
        "rightBankLow": "carrier_flag_landing_right",
        "rightBankHigh": "carrier_flag_landing_right",
        "crewType": "landing"
      }
    },
    "jpn_seaman_stand_right": {
      "model": [
        {
          "name": "jpn_seaman_01a_char",
          "weight": 1.0,
          "velocity": 0.0,
          "prestartIdleAnimation": "carrier_flag_loading_idle",
          "stateAdvanceEventStart": "ready_to_takeoff",
          "startSingleAnimation": "carrier_flag_loading_idle",
          "startSingleLoopDuration": 3.0,
          "startIdleAnimation": "carrier_seaman_stand_right",
          "startSingleRepeatAfter": 3.0,
          "stateAdvanceEventMove": "start_engine",
          "start2SingleAnimation": "carrier_seaman_stand_right",
          "start2IdleAnimation": "carrier_seaman_stand_right_wave",
          "stateAdvanceEventMove3": "takeoff",
          "movingAnimation": "carrier_seaman_stand_right_wave",
          "endIdleAnimation": "carrier_seaman_stand_right_wave",
          "crewType": "takeoff"
        },
        {
          "name": "jpn_seaman_01b_char",
          "weight": 1.0,
          "velocity": 0.0,
          "prestartIdleAnimation": "carrier_flag_loading_idle",
          "stateAdvanceEventStart": "ready_to_takeoff",
          "startSingleAnimation": "carrier_flag_loading_idle",
          "startSingleLoopDuration": 3.0,
          "startIdleAnimation": "carrier_seaman_stand_right",
          "startSingleRepeatAfter": 3.0,
          "stateAdvanceEventMove": "start_engine",
          "start2SingleAnimation": "carrier_seaman_stand_right",
          "start2IdleAnimation": "carrier_seaman_stand_right_wave",
          "stateAdvanceEventMove3": "takeoff",
          "movingAnimation": "carrier_seaman_stand_right_wave",
          "endIdleAnimation": "carrier_seaman_stand_right_wave",
          "crewType": "takeoff"
        },
        {
          "name": "jpn_seaman_02a_char",
          "weight": 1.0,
          "velocity": 0.0,
          "prestartIdleAnimation": "carrier_flag_loading_idle",
          "stateAdvanceEventStart": "ready_to_takeoff",
          "startSingleAnimation": "carrier_flag_loading_idle",
          "startSingleLoopDuration": 3.0,
          "startIdleAnimation": "carrier_seaman_stand_right",
          "startSingleRepeatAfter": 3.0,
          "stateAdvanceEventMove": "start_engine",
          "start2SingleAnimation": "carrier_seaman_stand_right",
          "start2IdleAnimation": "carrier_seaman_stand_right_wave",
          "stateAdvanceEventMove3": "takeoff",
          "movingAnimation": "carrier_seaman_stand_right_wave",
          "endIdleAnimation": "carrier_seaman_stand_right_wave",
          "crewType": "takeoff"
        },
        {
          "name": "jpn_seaman_02b_char",
          "weight": 5.0,
          "velocity": 0.0,
          "animation": "carrier_seaman_stand_right",
          "endpointAnimation": "carrier_seaman_stand_right",
          "prestartIdleAnimation": "carrier_flag_loading_idle",
          "stateAdvanceEventStart": "ready_to_takeoff",
          "startSingleAnimation": "carrier_flag_loading_idle",
          "startSingleLoopDuration": 3.0,
          "startIdleAnimation": "carrier_seaman_stand_right",
          "startSingleRepeatAfter": 3.0,
          "stateAdvanceEventMove": "start_engine",
          "start2SingleAnimation": "carrier_seaman_stand_right",
          "start2IdleAnimation": "carrier_seaman_stand_right_wave",
          "stateAdvanceEventMove3": "takeoff",
          "movingAnimation": "carrier_seaman_stand_right_wave",
          "endIdleAnimation": "carrier_seaman_stand_right_wave",
          "crewType": "takeoff"
        }
      ]
    },
    "jpn_navy_admiral_stand_left": {
      "model": [
        {
          "name": "jpn_navy_admiral_01c_char",
          "weight": 2.0,
          "velocity": 0.0,
          "prestartIdleAnimation": "carrier_flag_loading_idle",
          "stateAdvanceEventStart": "ready_to_takeoff",
          "startSingleAnimation": "carrier_flag_loading_idle",
          "startSingleLoopDuration": 3.0,
          "startIdleAnimation": "carrier_seaman_stand_left",
          "startSingleRepeatAfter": 3.0,
          "stateAdvanceEventMove": "start_engine",
          "start2SingleAnimation": "carrier_seaman_stand_left",
          "start2IdleAnimation": "carrier_seaman_stand_left_wave",
          "stateAdvanceEventMove3": "takeoff",
          "movingAnimation": "carrier_seaman_stand_left_wave",
          "endIdleAnimation": "carrier_seaman_stand_left_wave",
          "crewType": "takeoff"
        },
        {
          "name": "jpn_navy_officier_01c_char",
          "weight": 1.0,
          "velocity": 0.0,
          "prestartIdleAnimation": "carrier_flag_loading_idle",
          "stateAdvanceEventStart": "ready_to_takeoff",
          "startSingleAnimation": "carrier_flag_loading_idle",
          "startSingleLoopDuration": 3.0,
          "startIdleAnimation": "carrier_seaman_stand_left",
          "startSingleRepeatAfter": 3.0,
          "stateAdvanceEventMove": "start_engine",
          "start2SingleAnimation": "carrier_seaman_stand_left",
          "start2IdleAnimation": "carrier_seaman_stand_left_wave",
          "stateAdvanceEventMove3": "takeoff",
          "movingAnimation": "carrier_seaman_stand_left_wave",
          "endIdleAnimation": "carrier_seaman_stand_left_wave",
          "crewType": "takeoff"
        }
      ]
    },
    "jpn_navy_officier_stand_left": {
      "model": {
        "name": "jpn_navy_officier_01c_char",
        "weight": 1.0,
        "velocity": 0.0,
        "prestartIdleAnimation": "carrier_flag_loading_idle",
        "stateAdvanceEventStart": "ready_to_takeoff",
        "startSingleAnimation": "carrier_flag_loading_idle",
        "startSingleLoopDuration": 3.0,
        "startIdleAnimation": "carrier_seaman_stand_left",
        "startSingleRepeatAfter": 3.0,
        "stateAdvanceEventMove": "start_engine",
        "start2SingleAnimation": "carrier_seaman_stand_left",
        "start2IdleAnimation": "carrier_seaman_stand_left_wave",
        "stateAdvanceEventMove3": "takeoff",
        "movingAnimation": "carrier_seaman_stand_left_wave",
        "endIdleAnimation": "carrier_seaman_stand_left_wave",
        "crewType": "takeoff"
      }
    },
    "jpn_seaman_stand_left": {
      "model": [
        {
          "name": "jpn_seaman_01a_char",
          "weight": 1.0,
          "velocity": 0.0,
          "prestartIdleAnimation": "carrier_flag_loading_idle",
          "stateAdvanceEventStart": "ready_to_takeoff",
          "startSingleAnimation": "carrier_flag_loading_idle",
          "startSingleLoopDuration": 3.0,
          "startIdleAnimation": "carrier_seaman_stand_left",
          "startSingleRepeatAfter": 3.0,
          "stateAdvanceEventMove": "start_engine",
          "start2SingleAnimation": "carrier_seaman_stand_left",
          "start2IdleAnimation": "carrier_seaman_stand_left_wave",
          "stateAdvanceEventMove3": "takeoff",
          "movingAnimation": "carrier_seaman_stand_left_wave",
          "endIdleAnimation": "carrier_seaman_stand_left_wave",
          "crewType": "takeoff"
        },
        {
          "name": "jpn_seaman_01b_char",
          "weight": 1.0,
          "velocity": 0.0,
          "prestartIdleAnimation": "carrier_flag_loading_idle",
          "stateAdvanceEventStart": "ready_to_takeoff",
          "startSingleAnimation": "carrier_flag_loading_idle",
          "startSingleLoopDuration": 3.0,
          "startIdleAnimation": "carrier_seaman_stand_left",
          "startSingleRepeatAfter": 3.0,
          "stateAdvanceEventMove": "start_engine",
          "start2SingleAnimation": "carrier_seaman_stand_left",
          "start2IdleAnimation": "carrier_seaman_stand_left_wave",
          "stateAdvanceEventMove3": "takeoff",
          "movingAnimation": "carrier_seaman_stand_left_wave",
          "endIdleAnimation": "carrier_seaman_stand_left_wave",
          "crewType": "takeoff"
        },
        {
          "name": "jpn_seaman_02a_char",
          "weight": 1.0,
          "velocity": 0.0,
          "prestartIdleAnimation": "carrier_flag_loading_idle",
          "stateAdvanceEventStart": "ready_to_takeoff",
          "startSingleAnimation": "carrier_flag_loading_idle",
          "startSingleLoopDuration": 3.0,
          "startIdleAnimation": "carrier_seaman_stand_left",
          "startSingleRepeatAfter": 3.0,
          "stateAdvanceEventMove": "start_engine",
          "start2SingleAnimation": "carrier_seaman_stand_left",
          "start2IdleAnimation": "carrier_seaman_stand_left_wave",
          "stateAdvanceEventMove3": "takeoff",
          "movingAnimation": "carrier_seaman_stand_left_wave",
          "endIdleAnimation": "carrier_seaman_stand_left_wave",
          "crewType": "takeoff"
        },
        {
          "name": "jpn_seaman_02b_char",
          "weight": 5.0,
          "velocity": 0.0,
          "prestartIdleAnimation": "carrier_flag_loading_idle",
          "stateAdvanceEventStart": "ready_to_takeoff",
          "startSingleAnimation": "carrier_flag_loading_idle",
          "startSingleLoopDuration": 3.0,
          "startIdleAnimation": "carrier_seaman_stand_left",
          "startSingleRepeatAfter": 3.0,
          "stateAdvanceEventMove": "start_engine",
          "start2SingleAnimation": "carrier_seaman_stand_left",
          "start2IdleAnimation": "carrier_seaman_stand_left_wave",
          "stateAdvanceEventMove3": "takeoff",
          "movingAnimation": "carrier_seaman_stand_left_wave",
          "endIdleAnimation": "carrier_seaman_stand_left_wave",
          "crewType": "takeoff"
        }
      ]
    },
    "jpn_stoper_sit": {
      "model": [
        {
          "weight": 1.0,
          "name": "jpn_seaman_01a_char",
          "animation": "carrier_sitdown_idle",
          "velocity": 0.0,
          "endpointAnimation": "carrier_sitdown_idle",
          "crewType": "takeoff"
        },
        {
          "weight": 1.0,
          "name": "jpn_seaman_02b_char",
          "animation": "carrier_sitdown_idle",
          "velocity": 0.0,
          "endpointAnimation": "carrier_sitdown_idle",
          "crewType": "takeoff"
        }
      ]
    },
    "jpn_tech_runner": {
      "model": [
        {
          "prestartIdleAnimation": "carrier_sitdown_idle",
          "stateAdvanceEventStart": "ready_to_takeoff",
          "weight": 1.0,
          "name": "jpn_seaman_02a_char",
          "animation": "carrier_tech_run",
          "velocity": 4.0,
          "endSingleAnimation": "carrier_sitdown_single",
          "endIdleAnimation": "carrier_sitdown_idle",
          "crewType": "takeoff"
        },
        {
          "prestartIdleAnimation": "carrier_sitdown_idle",
          "stateAdvanceEventStart": "ready_to_takeoff",
          "weight": 1.0,
          "name": "jpn_seaman_01b_char",
          "animation": "carrier_tech_run",
          "velocity": 4.0,
          "endSingleAnimation": "carrier_sitdown_single",
          "endIdleAnimation": "carrier_sitdown_idle",
          "crewType": "takeoff"
        }
      ]
    }
  }
}